) for {0},) cho {0},
A {0} exists between {1} and {2} (,{0} tồn tại trong khoảng từ {1} đến {2} (,
Absent,Vắng mặt,
Accrual Journal Entry for salaries from {0} to {1},Tạp chí Accrual cho các khoản tiền lương từ {0} đến {1},
Add to Details,Thêm vào chi tiết,
Added to details,Đã thêm vào chi tiết,
All Jobs,Tất cả Jobs,
Allocated Leaves,Lá được phân bổ,
Annual Salary,Mức lương hàng năm,
Application period cannot be across two allocation records,Thời gian đăng ký không thể nằm trong hai bản ghi phân bổ,
Application period cannot be outside leave allocation period,Kỳ ứng dụng không thể có thời gian phân bổ nghỉ bên ngoài,
Apply Now,Áp dụng ngay bây giờ,
Apprentice,Người học việc,
Approval Status,Trạng thái,
Approval Status must be 'Approved' or 'Rejected',"Tình trạng phê duyệt phải được ""chấp thuận"" hoặc ""từ chối""",
As per your assigned Salary Structure you cannot apply for benefits,"Theo Cơ cấu tiền lương được chỉ định của bạn, bạn không thể nộp đơn xin trợ cấp",
Assign,Chỉ định,
Assign Salary Structure,Chỉ định cấu trúc lương,
Assign to Employees,Gán cho nhân viên,
Assigning Structures...,Phân công cấu trúc ...,
Attendance,Tham gia,
Attendance From Date and Attendance To Date is mandatory,"""Có mặt từ ngày"" tham gia và ""có mặt đến ngày"" là bắt buộc",
Attendance for employee {0} is already marked for this day,Attendance cho nhân viên {0} đã được đánh dấu ngày này,
Attendance not submitted for {0} as it is a Holiday.,Tham dự không được gửi cho {0} vì đây là Ngày lễ.,
Bank Entries,Bút toán Ngân hàng,
Base,Cơ sở,
Beginner,Người bắt đầu,
Birthday Reminder,Lời nhắc sinh nhật,
Bonus Payment Date cannot be a past date,Ngày thanh toán thưởng không thể là ngày qua,
Calls,Các cuộc gọi,
Cannot find active Leave Period,Không thể tìm thấy Khoảng thời gian rời khỏi hoạt động,
Casual Leave,Nghỉ phép năm,
Claimed Amount,Số Tiền Yêu Cầu,
Compensatory Off,Nghỉ làm bù,
Contact Number,Số Liên hệ,
Course,Khóa học,
Create Disbursement Entry,Tạo mục giải ngân,
Create Salary Slip,Tạo Phiếu lương,
Create Salary Slips,Tạo phiếu lương,
Creating Payment Entries......,Đang tạo mục thanh toán ......,
Creating Salary Slips...,Đang tạo phiếu lương ...,
Current,Hiện tại,
Current Job Openings,Vị trí đang tuyển,
Daily Work Summary,Tóm tắt công việc hàng ngày,
Daily Work Summary Group,Nhóm làm việc hằng ngày,
Date is repeated,Ngày lặp lại,
Debit A/C Number,Số nợ A / C,
Deduction,Khấu trừ,
Document Status,Trạng thái bản ghi,
Earning,Thu nhập,
Employee A/C Number,Số nhân viên A / C,
Employee Benefits,Lợi ích của nhân viên,
Employee Grade,Cấp bậc,
Employee Referral,Giới thiệu nhân sự,
Employee relieved on {0} must be set as 'Left',Nhân viên bớt căng thẳng trên {0} phải được thiết lập như là 'trái',
Employee {0} already submited an apllication {1} for the payroll period {2},Nhân viên {0} đã gửi một câu trả lời {1} cho giai đoạn tính lương {2},
Employee {0} has no maximum benefit amount,Nhân viên {0} không có số tiền trợ cấp tối đa,
Employee {0} is not active or does not exist,Nhân viên {0} không hoạt động hoặc không tồn tại,
Employee {0} is on Leave on {1},Nhân viên {0} vào Ngày khởi hành {1},
Employee {0} on Half day on {1},Employee {0} vào ngày nửa trên {1},
End time cannot be before start time,Thời gian kết thúc không thể trước thời gian bắt đầu,
Evaluation,Đánh giá,
Event Location,Vị trí sự kiện,
Event Name,Tên sự kiện,
Expense Claim for Vehicle Log {0},Chi phí khiếu nại cho xe Log {0},
Expense Claim {0} already exists for the Vehicle Log,Chi phí khiếu nại {0} đã tồn tại cho Log xe,
Fill the form and save it,Điền vào mẫu và lưu nó,
Filter Employees By (Optional),Lọc nhân viên theo (Tùy chọn),
Fiscal Year {0} not found,Năm tài chính {0} không tìm thấy,
Food,Thực phẩm,
For Employee,Nhân viên,
From Date {0} cannot be after employee's relieving Date {1},Từ ngày {0} không thể sau ngày giảm lương của nhân viên {1},
From Date {0} cannot be before employee's joining Date {1},Từ ngày {0} không thể trước ngày tham gia của nhân viên Ngày {1},
From date can not be less than employee's joining date,Từ ngày không thể nhỏ hơn ngày tham gia của nhân viên,
Fuel Price,Giá,
Fuel Qty,Số lượng,
Full-time,Toàn thời gian,
Future dates not allowed,Các ngày trong tương lai không được phép,
Get Details From Declaration,Nhận thông tin chi tiết từ Tuyên bố,
Get Employees,Nhận nhân viên,
Gross Pay,Tổng trả,
Guest,Khách,
Half Day,Nửa ngày,
Half Day Date is mandatory,Ngày nửa ngày là bắt buộc,
Half Day Date should be between From Date and To Date,"Kỳ hạn nửa ngày nên ở giữa mục ""từ ngày"" và ""tới ngày""",
Half Day Date should be in between Work From Date and Work End Date,Ngày Nửa Ngày phải ở giữa Ngày Làm Việc Từ Ngày và Ngày Kết Thúc Công Việc,
Half day date should be in between from date and to date,Ngày nửa ngày phải ở giữa ngày và giờ,
Hello,xin chào,
House rent paid days overlapping with {0},Tiền thuê nhà ngày trả chồng chéo với {0},
House rented dates required for exemption calculation,Ngày thuê nhà được yêu cầu để tính miễn thuế,
House rented dates should be atleast 15 days apart,Ngày thuê nhà nên cách nhau ít nhất 15 ngày,
Interest Amount,Số tiền lãi,
Intern,Thực tập,
Job Description,Mô tả công việc,
Job Offer,Thư mời nhận việc,
Jobs,Việc làm,
Leave Approval Notification,Thông báo Phê duyệt Nghỉ phép,
Leave Blocked,Nghỉ phép bị chặn,
Leave Encashment,Chuyển phép,
Leave Status Notification,Thông báo Tình trạng Nghỉ phép,
Leave Type,Loại nghỉ,
Leave Type is madatory,Loại Nghỉ phép là bắt buộc,
Leave Type {0} cannot be allocated since it is leave without pay,Loại nghỉ {0} không thể được phân bổ vì đó là nghỉ không lương,
Leave Type {0} cannot be carry-forwarded,Loại nghỉ {0} không thể được chuyển tiếp,
Leave Type {0} is not encashable,,
Leave Without Pay,Nghỉ không lương,
"Leave cannot be allocated before {0}, as leave balance has already been carry-forwarded in the future leave allocation record {1}","Nghỉ phép không thể được phân bổ trước ngày {0}, vì số ngày nghỉ đã được chuyển tiếp trong hồ sơ phân bổ nghỉ tương lai {1}",
"Leave cannot be applied/cancelled before {0}, as leave balance has already been carry-forwarded in the future leave allocation record {1}","Nghỉ phép không thể được áp dụng/hủy trước ngày {0}, vì số ngày nghỉ đã được chuyển tiếp trong hồ sơ phân bổ nghỉ tương lai {1}",
Leave of type {0} cannot be longer than {1},Nghỉ loại {0} không thể dài hơn {1},
Leaves,Đơn xin nghỉ 12,
Leaves Allocated Successfully for {0},Đã phân bổ ngày nghỉ thành công cho {0},
Leaves Expired,Lá đã hết hạn
Leaves has been granted sucessfully,Lá đã được cấp thành công
Leaves must be allocated in multiples of 0.5,"Các di dời phải được phân bổ trong bội số của 0,5"
Leaves per Year,Số lần nghỉ phép trong năm,
Leaves Taken,Lá lấy
Leaving Certificate Number,Di dời số chứng chỉ
Lifecycle,Quá trình (Lifecycle),
Mark Attendance,Điểm danh (Mark Attendance),
Max Exemption Amount cannot be greater than maximum exemption amount {0} of Tax Exemption Category {1},Số tiền miễn thuế tối đa không thể lớn hơn số tiền miễn thuế tối đa {0} của Danh mục Miễn thuế Thuế {1},
Max benefits should be greater than zero to dispense benefits,Lợi ích tối đa phải lớn hơn 0 để cấp phúc lợi,
Max Discount (%),Giảm giá tối đa (%)
Max discount allowed for item: {0} is {1}%,Tối đa cho phép giảm giá cho mặt hàng: {0} {1}%
Maximum amount eligible for the component {0} exceeds {1},Số tiền tối đa được phép cho thành phần {0} vượt quá {1},
Maximum benefit amount of component {0} exceeds {1},Số tiền lợi ích tối đa của thành phần {0} vượt quá {1},
Maximum benefit amount of employee {0} exceeds {1},Số tiền lợi ích tối đa của nhân viên {0} vượt quá {1},
Maximum leave allowed in the leave type {0} is {1},Số ngày nghỉ tối đa được cho phép trong loại nghỉ {0} là {1},
Medical,Y tế (Medical),
Mode of payment is required to make a payment,Cần phải có Phương thức thanh toán để thực hiện thanh toán,
More than one selection for {0} not allowed,Không được phép chọn nhiều hơn một lựa chọn cho {0},
Net Pay,Lương Net,
Net Pay cannot be less than 0,Lương Net không được nhỏ hơn 0,
Net Salary Amount,Số tiền Lương Net,
Net pay cannot be negative,Lương Net không thể âm,
No Employee Found,Không tìm thấy Nhân viên nào,
No Salary Structure assigned for Employee {0} on given date {1},Không có cấu trúc lương được gán cho Nhân viên {0} vào ngày được cung cấp {1},
No Staffing Plans found for this Designation,Không tìm thấy Kế hoạch Nhân sự nào cho chức vụ này,
No active or default Salary Structure found for employee {0} for the given dates,Không tìm thấy cấu trúc lương hoạt động hoặc mặc định nào cho nhân viên {0} cho các ngày đã được cung cấp,
No more updates,Không có cập nhật thêm,
No replies from,Không có trả lời từ,
No salary slip found to submit for the above selected criteria OR salary slip already submitted,Không tìm thấy phiếu lương nào để nộp theo các tiêu chí đã chọn hoặc đã nộp phiếu lương,
Nothing to change,Không có gì để thay đổi,
Notice Period,Thời gian thông báo,
Only Leave Applications with status 'Approved' and 'Rejected' can be submitted,Chỉ các Đơn xin nghỉ có trạng thái 'Đã phê duyệt' và 'Từ chối' mới có thể được nộp,
Optional Holiday List not set for leave period {0},Danh sách ngày nghỉ lựa chọn không được thiết lập cho giai đoạn nghỉ {0},
Part-time,Bán thời gian,
Password policy for Salary Slips is not set,Chính sách mật khẩu cho Phiếu lương chưa được thiết lập,
Payment Days,Ngày công,
Payment of {0} from {1} to {2},Thanh toán của {0} từ {1} đến {2},
Payroll,Lương,
Payroll Number,Số lương,
Payroll Payable,Bảng lương phải trả
Piecework,Làm việc theo đơn hàng (Piecework),
Please add the remaining benefits {0} to any of the existing component,Vui lòng thêm các lợi ích còn lại {0} vào bất kỳ thành phần hiện tại nào,
Please confirm once you have completed your training,Vui lòng xác nhận khi bạn đã hoàn thành quá trình đào tạo,
Please enable default incoming account before creating Daily Work Summary Group,Vui lòng bật tài khoản mặc định trước khi tạo Nhóm Tổng kết Công việc Hằng ngày,
Please select Company and Designation,Vui lòng chọn Công ty và Chức vụ,
Please select Employee,Vui lòng chọn Nhân viên,
Please select a csv file,Vui lòng chọn tệp CSV,
Please set default template for Leave Approval Notification in HR Settings.,Vui lòng thiết lập mẫu mặc định cho Thông báo Phê duyệt Nghỉ phép trong Cài đặt HR.,
Please set default template for Leave Status Notification in HR Settings.,Vui lòng thiết lập mẫu mặc định cho Thông báo Tình trạng Nghỉ phép trong Cài đặt HR.,
Please set the Company,Vui lòng chọn Công ty,
Please set the Date Of Joining for employee {0},Vui lòng thiết lập Ngày bắt đầu làm việc cho nhân viên {0},
Please share your feedback to the training by clicking on 'Training Feedback' and then 'New',Vui lòng chia sẻ ý kiến của bạn về quá trình đào tạo bằng cách nhấn vào 'Phản hồi về Đào tạo' và sau đó chọn 'Mới',
Please update your status for this training event,Vui lòng cập nhật trạng thái của bạn cho sự kiện đào tạo này,
Present,Có mặt,
Preview Salary Slip,Xem trước Phiếu lương,
Privilege Leave,Nghỉ có lương,
Probation,Thử việc,
Probationary Period,Thời gian thử việc,
Property,Thuộc tính,
Property already added,Tài sản đã được thêm,
Replies,Các phản hồi,
Responsibilities,Trách nhiệm,
Role,Vai trò (Role),
Row {0}# Allocated amount {1} cannot be greater than unclaimed amount {2},Dòng {0}# Số tiền được phân bổ {1} không thể lớn hơn số tiền chưa được yêu cầu {2},
Row {0}# Paid Amount cannot be greater than requested advance amount,Hàng {0}# Số tiền đã thanh toán không thể lớn hơn số tiền ứng trước được yêu cầu",
Salary Slip ID,Mã số Phiếu lương,
Salary Slip of employee {0} already created for this period,Bảng lương của nhân viên {0} đã được tạo cho khoảng thời gian này,
Salary Slip of employee {0} already created for time sheet {1},Bảng lương của nhân viên {0} đã được tạo cho phiếu thời gian {1},
Salary Slip submitted for period from {0} to {1},Phiếu lương đã được gửi cho khoảng thời gian từ {0} đến {1}
Salary Structure Assignment for Employee already exists,Gán Cấu trúc Lương cho Nhân viên đã tồn tại,
Salary Structure Missing,Thiếu Cấu trúc Lương,
Salary Structure must be submitted before submission of Tax Ememption Declaration,Cơ cấu tiền lương phải được nộp trước khi nộp Tuyên bố miễn thuế
Salary Structure not found for employee {0} and date {1},Không tìm thấy Cấu trúc lương cho nhân viên {0} và ngày {1},
Salary Structure should have flexible benefit component(s) to dispense benefit amount,Cấu trúc lương cần có thành phần lợi ích linh hoạt để cấp số tiền lợi ích,
"Salary already processed for period between {0} and {1}, Leave application period cannot be between this date range.","Lương đã được xử lý cho khoảng thời gian từ {0} đến {1}, thời gian đơn xin nghỉ không thể nằm trong khoảng thời gian này.",
Sanctioned Amount cannot be greater than Claim Amount in Row {0}.,Số tiền được phê duyệt không thể lớn hơn Số tiền đòi hỏi trong Hàng {0}.,
Score must be less than or equal to 5,Điểm phải nhỏ hơn hoặc bằng 5,
Select Property,Chọn Tài sản,
Select an employee to get the employee advance.,Chọn một Nhân viên để nhận ứng lương trước.,
Service Expense,Chi phí Dịch vụ,
Show Employee,Hiển thị Nhân viên,
Show Salary Slip,Hiển thị Phiếu lương,
Sick Leave,Nghỉ ốm,
"Skipping Salary Structure Assignment for the following employees, as Salary Structure Assignment records already exists against them. {0}","Bỏ qua việc gán cấu trúc lương cho các nhân viên sau, vì đã có hồ sơ gán cấu trúc lương cho họ. {0}""",
Staffing Plan {0} already exist for designation {1},Kế hoạch Nhân sự {0} đã tồn tại cho chức vụ {1},
"Start and end dates not in a valid Payroll Period, cannot calculate {0}","Ngày bắt đầu và kết thúc không nằm trong một Kỳ lương hợp lệ, không thể tính {0}",
"Start and end dates not in a valid Payroll Period, cannot calculate {0}.","Ngày bắt đầu và kết thúc không nằm trong một Kỳ lương hợp lệ, không thể tính {0}.",
Stock Options,Tùy chọn hàng tồn kho,
Structures have been assigned successfully,Cấu trúc đã được gán thành công,
Submit Proof,Nộp chứng cứ,
Submit Salary Slip,Nộp Phiếu lương,
Submit this to create the Employee record,Đệ trình điều này để tạo hồ sơ Nhân viên,
Submitting Salary Slips...,Đang gửi Phiếu lương...,
Team Updates,Cập nhật Nhóm,
Thank you,Cảm ơn bạn,
The day(s) on which you are applying for leave are holidays. You need not apply for leave.,"Các ngày mà bạn đang xin nghỉ là ngày lễ. Bạn không cần phải xin nghỉ,
The field From Shareholder cannot be blank,Trường Từ Cổ Đông không được để trống,
The field To Shareholder cannot be blank,Trường Đối với Cổ Đông không được để trống,
The fields From Shareholder and To Shareholder cannot be blank,Các lĩnh vực từ cổ đông và cổ đông không được để trống,
The folio numbers are not matching,Các số folio không khớp,
The holiday on {0} is not between From Date and To Date,Các kỳ nghỉ vào {0} không ở giữa 'từ ngày' và 'tới ngày',
The name of the institute for which you are setting up this system.,Tên của tổ chức  mà bạn đang thiết lập hệ thống này.,
The name of your company for which you are setting up this system.,Tên của công ty bạn đang thiết lập hệ thống này.,
The number of shares and the share numbers are inconsistent,Số cổ phần và số cổ phần không nhất quán,
The payment gateway account in plan {0} is different from the payment gateway account in this payment request,Tài khoản cổng thanh toán trong gói {0} khác với tài khoản cổng thanh toán trong yêu cầu thanh toán này,
The selected BOMs are not for the same item,Các BOMs chọn không cho cùng một mục,
The selected item cannot have Batch,Các sản phẩm được chọn không thể có hàng loạt,
The seller and the buyer cannot be the same,Người bán và người mua không thể giống nhau,
The shareholder does not belong to this company,Cổ đông không thuộc công ty này,
The shares already exist,Cổ phiếu đã tồn tại,
The shares don't exist with the {0},Cổ phần không tồn tại với {0},
The task has been enqueued as a background job. In case there is any issue on processing in background",the system will add a comment about the error on this Stock Reconciliation and revert to the Draft stage"
There are more holidays than working days this month.,Có nhiều ngày nghỉ hơn số ngày làm việc trong tháng này.,
There is no leave period in between {0} and {1},Không có giai đoạn nghỉ phép giữa {0} và {1},
This is based on the attendance of this Employee,Dựa trên sự điểm danh của Nhân viên này,
This will submit Salary Slips and create accrual Journal Entry. Do you want to proceed?,Nhấn chấp nhận sẽ gửi Phiếu lương và tạo ghi chú Kế toán. Bạn có muốn tiếp tục không?,
To date can not be equal or less than from date,Ngày kết thúc không thể bằng hoặc ít hơn ngày bắt đầu,
To date can not be less than from date,Ngày kết thúc không thể ít hơn ngày bắt đầu,
To date can not greater than employee's relieving date,Ngày kết thúc không thể lớn hơn ngày kết thúc của Nhân viên,
Total Absent,Tổng số ngày vắng mặt,
Total Deduction,Tổng khấu trừ,
Total Leaves,Tổng số ngày nghỉ,
Total Present,Tổng số ngày có mặt,
Total advance amount cannot be greater than total sanctioned amount,Tổng số tiền ứng không thể lớn hơn tổng số tiền được cấp phép,
Total flexible benefit component amount {0} should not be less than max benefits {1},Tổng số tiền của thành phần lợi ích linh hoạt {0} không nên ít hơn lợi ích tối đa {1},
Total leaves allocated is mandatory for Leave Type {0},Tổng số ngày nghỉ được phân bổ là bắt buộc cho Loại nghỉ {0},
Total working hours should not be greater than max working hours {0},Tổng số giờ làm việc không nên lớn hơn số giờ làm việc tối đa {0},
Training,Đào tạo,
Training Event,Sự kiện Đào tạo,
Training Events,Các Sự kiện Đào tạo,
Training Feedback,Phản hồi sự kiện đào tạo,
Training Result,Kết quả Đào tạo,
Travel,Chuyến đi,
Update Response,Cập nhật Phản hồi,
Value missing,Thiếu giá trị,
Variable,Biến đổi,
Walk In,Nhập hồ sơ,
Warning: Leave application contains following block dates,Cảnh báo: Đơn xin nghỉ chứa các ngày chặn sau đây,
Website Listing,Danh sách trang web,
Work Summary for {0},Bản tóm tắt công việc cho {0},
You are not authorized to approve leaves on Block Dates,Bạn không được phép phê duyệt đơn xin nghỉ vào các ngày chặn,
You are not present all day(s) between compensatory leave request days,Anh/chị không có mặt suốt ngày/những ngày giữa các ngày nghỉ bù yêu cầu.,
You can only submit Leave Encashment for a valid encashment amount,Bạn chỉ có thể đệ trình Đền bù Nghỉ phép cho số tiền đền bù hợp lệ,
{0} already allocated for Employee {1} for period {2} to {3},{0} đã được phân phối cho nhân viên {1} cho kỳ {2} đến {3},
{0} applicable after {1} working days,{0} áp dụng sau {1} ngày làm việc,
{0} is not in Optional Holiday List,{0} không có trong Danh Sách Ngày Nghỉ Tùy Chọn,
{0} is not in a valid Payroll Period,{0} không có trong Kỳ Phát Lương hợp lệ,
{0} must be submitted,{0} phải được gửi,
"{0}: Employee email not found, hence email not sent",{0}: không tìm thấy email của nhân viên. do đó không gửi được email,
{0}: From {0} of type {1},{0}: Từ {0} của loại {1},
Conditions,Điều kiện,
Percent,Tỷ lệ phần trăm,
Error in some rows,Lỗi ở một số hàng,
Benefit,Lợi ích,
Shift,Ca làm việc,
Importing {0} of {1},Nhập {0} trong số {1},
'employee_field_value' and 'timestamp' are required.,&#39;worker_field_value&#39; và &#39;dấu thời gian&#39; là bắt buộc.,
Allocation Expired!,Phân bổ hết hạn!,
Attendance Marked,Tham dự đánh dấu,
Attendance has been marked as per employee check-ins,Tham dự đã được đánh dấu theo đăng ký nhân viên,
Date Range,Phạm vi ngày,
Event Link,Liên kết sự kiện,
Expire Allocation,Phân bổ hết hạn,
Fuel Expense,Chi phí nhiên liệu,
Intermediate,Trung cấp,
Leave application is linked with leave allocations {0}. Leave application cannot be set as leave without pay,Đơn xin nghỉ được liên kết với việc phân bổ nghỉ {0}. Đơn xin nghỉ không thể được đặt là nghỉ không lương.,
Log Type is required for check-ins falling in the shift: {0}.,Loại nhật ký cần thiết cho việc check-in trong ca làm việc: {0}.,
No Employee found for the given employee field value. '{}': {},Không tìm thấy Nhân viên cho giá trị trường nhân viên đã cung cấp. '{}': {},
No Leaves Allocated to Employee: {0} for Leave Type: {1},Không có ngày nghỉ được phân bổ cho Nhân viên: {0} cho Loại nghỉ: {1},
Only expired allocation can be cancelled,Chỉ có phân bổ đã hết hạn mới có thể hủy bỏ,
Only users with the {0} role can create backdated leave applications,Chỉ người dùng có vai trò {0} mới có thể tạo đơn xin nghỉ hẹn ngày quá khứ.,
Password policy cannot contain spaces or simultaneous hyphens. The format will be restructured automatically,Politica mật khẩu không thể chứa khoảng trắng hoặc dấu gạch ngang đồng thời. Định dạng sẽ được tự động sắp xếp lại,
Please enter the designation,Vui lòng nhập chức vụ,
There are no vacancies under staffing plan {0},Không có vị trí trống dưới kế hoạch nhân sự {0},
This employee already has a log with the same timestamp.{0},Nhân viên này đã có một nhật ký với cùng thời điểm {0}.,
Timing,Thời gian,
To date needs to be before from date,Thời gian kết thúc phải trước thời gian bắt đầu,
Total Early Exits,Tổng số ra sớm,
Total Late Entries,Tổng số vào trễ,
Training Event:,Sự kiện Đào tạo:,
Unable to find Salary Component {0},Không thể tìm thấy Phần lương {0},
Unmarked Attendance for days,Không điểm danh cho các ngày,
Vacancies cannot be lower than the current openings,Không được phép ít hơn số vị trí hiện tại,
{} is an invalid Attendance Status.,{} là Trạng thái tham dự không hợp lệ.,
Printed On,In vào lúc,
No employee found,Không tìm thấy Nhân viên nào,
Please setup Employee Naming System in Human Resource > HR Settings,Vui lòng thiết lập Hệ thống đặt tên Nhân viên trong Tài nguyên Nhân sự > Cài đặt HR,
Please setup numbering series for Attendance via Setup > Numbering Series,Vui lòng thiết lập dãy số đánh số cho Điểm danh qua Cài đặt > Dãy số,
Current Odometer Value should be greater than Last Odometer Value {0},Giá trị Công tơ mét hiện tại phải lớn hơn Giá trị Công tơ mét cuối cùng {0},
No additional expenses has been added,Chưa thêm chi phí bổ sung,
{0} already exists for employee {1} and period {2},{0} đã tồn tại cho nhân viên {1} và khoảng thời gian {2},
Leaves Allocated,Phân bổ Nghỉ phép,
Leave Without Pay does not match with approved {} records,Nghỉ không lương không khớp với hồ sơ {} được phê duyệt,
Leave(s) Expired,Ngày hết hiệu lực
Leave(s) Taken,Đã dùng
Income Tax Slab not set in Salary Structure Assignment: {0},Bảng Thuế Thu nhập không được đặt trong Phân định Cơ cấu Tiền lương: {0},
Income Tax Slab: {0} is disabled,Bảng kê khai thuế thu nhập: {0} bị vô hiệu hóa,
Income Tax Slab must be effective on or before Payroll Period Start Date: {0},Bảng kê khai thuế thu nhập phải có hiệu lực vào hoặc trước Ngày bắt đầu kỳ tính lương: {0},
No leave record found for employee {0} on {1},Không tìm thấy hồ sơ nghỉ phép cho nhân viên {0} vào ngày {1},
Row {0}: {1} is required in the expenses table to book an expense claim.,Dòng {0}: {1} cần thiết trong bảng chi phí để đặt yêu cầu chi phí.,
Set the default account for the {0} {1},Thiết lập tài khoản mặc định cho {0} {1},
(Half Day),(Nửa ngày),
Income Tax Slab,Bảng thuế thu nhập cá nhân,
Row #{0}: Cannot set amount or formula for Salary Component {1} with Variable Based On Taxable Salary,Dòng #{0}: Không thể đặt số tiền hoặc công thức cho Thành phần Lương {1} với Biến dựa trên Lương chịu thuế,
Repay From Salary can be selected only for term loans,Chỉ có thể chọn Tái trả từ Lương cho các khoản vay có kỳ hạn,
Salary Component Account,Tài khoản Các thành phần Lương,
Default Bank / Cash account will be automatically updated in Salary Journal Entry when this mode is selected.,Mặc định tài khoản Ngân hàng / Tiền sẽ được tự động cập nhật trong Salary Journal Entry khi chế độ này được chọn.,
Result,Kết quả,
Total Score,Tổng Điểm,
Joining Date,Ngày tham gia,
Publish on website,Xuất bản trên trang web,
Application Status,Trạng thái ứng tuyển,
IN,TRONG,
Remind Before,Nhắc nhở trước,
Reminded,Đã nhắc nhở,
Additional Salary,Lương bổ sung,
HR-ADS-.YY.-.MM.-,HR-ADS-.YY .-. MM.-,
Salary Component,Thành phần Lương,
Overwrite Salary Structure Amount,Ghi đè trên phiếu lương,
Deduct Full Tax on Selected Payroll Date,Khấu trừ thuế đầy đủ vào ngày biên chế được chọn,
Payroll Date,Ngày Lương,
Salary Component Type,Loại Thành phần Lương,
Salary Currency,Đơn vị tiền lương
Appointment Letter,Thư hẹn,
Appointment Date,Ngày hẹn,
Appointment Letter Template,Mẫu thư bổ nhiệm,
Closing Notes,Ghi chú kết thúc,
Appointment Letter content,Nội dung thư hẹn,
Appraisal,Đánh giá,
HR-APR-.YY.-.MM.,HR-APR-.YY.-.MM.,
For Employee Name,Cho Tên nhân viên,
Goals,Mục tiêu,
Total Score (Out of 5),Tổng điểm (Trên 5),
"Any other remarks, noteworthy effort that should go in the records.","Bất kỳ nhận xét khác, nỗ lực đáng chú ý mà nên đi vào biên bản.",
Appraisal Goal,Thẩm định mục tiêu,
Key Responsibility Area,Trách nhiệm chính,
Weightage (%),Trọng số (%),
Score (0-5),Điểm số (0-5),
Score Earned,Điểm Đạt được,
Appraisal Template Title,Tiêu đề mẫu đánh giá,
Appraisal Template Goal,Thẩm định mẫu Mục tiêu,
KRA,KRA,
Key Performance Area,Khu vực thực hiện chính,
HR-ATT-.YYYY.-,HR-ATT-.YYYY.-,
On Leave,Nghỉ phép,
Work From Home,Làm việc từ xa,
Leave Application,Đơn xin nghỉ1,
Attendance Date,Ngày có mặt,
Attendance Request,Giải trình chấm công,
Late Entry,Đi muộn,
Early Exit,Về sớm,
Half Day Date,Kỳ hạn nửa ngày,
On Duty,Làm Nhiệm vụ,
Explanation,Giải trình,
Compensatory Leave Request,Yêu cầu nghỉ bù,
Leave Allocation,Phân bổ nghỉ phép,
Worked On Holiday,Làm việc vào ngày lễ,
Work From Date,Ngày Bắt đầu Làm việc,
Work End Date,Ngày Kết thúc Làm việc,
Email Sent To,Thư điện tử được gửi đến,
Select Users,Chọn Người dùng,
Send Emails At,Gửi Email Lúc,
Reminder,Nhắc nhở,
Daily Work Summary Group User,Người sử dụng Nhóm Tóm lược công việc hàng ngày,
email,e-mail,
Department Approver,Bộ phê duyệt,
Approver,Người Duyệt,
Designation Skill,Kỹ năng chỉ định,
Skill,Kỹ năng,
Leave Policy,Chính sách Nghỉ phép,
Leave Policy Assignment,Phân chính sách nghỉ
Salary Details,Chi tiết tiền lương,
Salary Expectation,Mức lương kỳ vọng
Salary Mode,Phương thức thanh toán
HR-EAD-.YYYY.-,HR-EAD-.YYYY.-,
Claimed,Đã yêu cầu,
Employee Attendance Tool,Chấm công hàng loạt,
Unmarked Attendance,Chưa điểm danh,
Employees HTML,Nhân viên HTML,
Employees without Feedback,Nhân viên không có phản hồi
Marked Attendance,Đã điểm danh,
Marked Attendance HTML,HTML Đã điểm danh,
Employee Benefit Application,Đơn xin hưởng quyền lợi,
Max Benefits (Yearly),Lợi ích tối đa (Hàng năm),
Remaining Benefits (Yearly),Lợi ích còn lại (Hàng năm),
Payroll Period,Kỳ Lương,
Dispensed Amount (Pro-rated),Số tiền được phân phối (Được xếp hạng theo tỷ lệ),
Employee Benefit Application Detail,Chi tiết ứng dụng lợi ích nhân viên,
Earning Component,Thành phần lương,
Pay Against Benefit Claim,Thanh toán Đợt Khiếu nại Lợi ích,
Max Benefit Amount,Số tiền lợi ích tối đa,
Employee Benefit Claim,Khiếu nại về Quyền lợi Nhân viên,
Claim Date,Ngày yêu cầu,
Claim Benefit For,Yêu cầu quyền lợi cho,
Max Amount Eligible,Số tiền tối đa đủ điều kiện,
Expense Proof,Bằng chứng chi phí,
Employee Boarding Activity,Hoạt động lên máy bay nhân viên,
Activity Name,Tên hoạt động,
Required for Employee Creation,Yêu cầu cho việc Tạo Nhân viên,
Applicable in the case of Employee Onboarding,Áp dụng trong trường hợp giới thiệu nhân viên,
Employee Checkin,Bản ghi chấm công,
Log Type,Loại chấm công,
OUT,RA KHỎI,
Location / Device ID,Vị trí / ID Thiết bị,
Skip Auto Attendance,Bỏ qua Điểm danh Tự động,
Shift Start,Bắt đầu Ca làm việc,
Shift End,Kết thúc Ca làm việc,
Shift Actual Start,Ca bắt đầu thực tế,
Shift Actual End,Kết thúc Ca làm việc thực tế,
Default Salary Structure,Cơ cấu lương mặc định,
Employee Health Insurance,Bảo hiểm sức khỏe nhân viên,
Health Insurance Name,Tên Bảo hiểm Y tế,
Employee Incentive,Thưởng khuyến khích,
Incentive Amount,Số tiền khuyến khích,
Employee Onboarding,Giới thiệu nhân viên,
Notify users by email,Thông báo người dùng qua email,
Employee Onboarding Template,Mẫu giới thiệu nhân viên,
Employee Other Income,Thu nhập khác của nhân viên,
Employee Promotion,Bổ nhiệm nhân viên,
Promotion Date,Ngày thăng chức,
Employee Promotion Details,Chi tiết bổ nhiệm nhân viên,
Employee Property History,Lịch sử tài sản của nhân viên,
Employee Separation,Nghỉ việc,
Employee Separation Template,Mẫu quy trình nghỉ việc,
Exit Interview Summary,Tóm tắt phỏng vấn kết thúc,
Employee Skill,Kỹ năng nhân viên,
Proficiency,Trình độ chuyên môn,
Evaluation Date,Ngày đánh giá,
Employee Skill Map,Quản lý kỹ năng nhân viên,
Employee Skills,Kỹ năng nhân viên,
Employee Tax and Benefits,Thuế và lợi ích nhân viên
Trainings,Đào tạo,
Employee Tax Exemption Category,Danh mục miễn thuế của nhân viên,
Max Exemption Amount,Số tiền Miễn thuế Tối đa,
Employee Tax Exemption Declaration,Xác nhận miễn thuế nhân viên,
Declarations,Tuyên bố,
Total Declared Amount,Tổng Số tiền Tuyên bố,
Total Exemption Amount,Tổng Số tiền Miễn thuế,
Employee Tax Exemption Declaration Category,Danh mục khai thuế miễn thuế cho nhân viên,
Exemption Sub Category,Danh mục phụ miễn,
Exemption Category,Danh mục miễn,
Maximum Exempted Amount,Số tiền Miễn thuế Tối đa,
Declared Amount,Số tiền khai báo,
Employee Tax Exemption Proof Submission,Chứng từ khấu trừ thuế,
Submission Date,Ngày Nộp,
Tax Exemption Proofs,Chứng từ miễn thuế Thuế thu nhập cá nhân,
Total Actual Amount,Tổng Số tiền Thực tế,
Employee Tax Exemption Proof Submission Detail,Chi tiết thông tin nộp thuế miễn thuế của nhân viên,
Maximum Exemption Amount,Số tiền Miễn thuế Tối đa,
Type of Proof,Loại Chứng cứ,
Actual Amount,Số tiền thực tế,
Employee Tax Exemption Sub Category,Danh mục miễn thuế cho nhân viên,
Tax Exemption Category,Danh mục Miễn thuế,
Employee Training,Huấn luyện nhân viên,
Training Date,Ngày Đào tạo,
Employee Transfer,Điều chuyển nhân viên,
Employee Transfer,Luân chuyển nhân viên
Employee Transfer cannot be submitted before Transfer Date,Chuyển khoản nhân viên không thể được gửi trước ngày chuyển
Transfer Date,Ngày chuyển,
Employee Transfer Details,Chi tiết luân chuyển nhân viên,
Employee Transfer Property,Chuyển nhượng nhân viên
Employee Transfer Detail,Chi tiết Chuyển khoản Nhân viên,
Re-allocate Leaves,Phân phát lại Ngày nghỉ phép,
Create New Employee Id,Tạo Id Nhân viên Mới,
New Employee ID,Mã Nhân viên Mới,
HR-EXP-.YYYY.-,HR-EXP-.YYYY.-,
Expense Taxes and Charges,Chi phí thuế và phí,
Total Sanctioned Amount,Tổng Số tiền được duyệt,
Total Advance Amount,Tổng Số tiền tạm ứng,
Total Claimed Amount,Tổng Số tiền Khiếu nại,
Total Amount Reimbursed,Tổng Số tiền được hoàn lại,
Vehicle Log,Nhật ký xe,
Employees Email Id,Nhân viên Email Id,
More Details,Thông tin khác,
Expense Claim Account,Tài khoản chi phí khiếu nại,
Expense Claim Advance,Yêu cầu bồi thường chi phí,
Expense Claim Detail,Chi tiết Chi phí khiếu nại,
Expense Date,Ngày Chi phí,
Expense Claim Type,Loại chi phí,
HR Settings,Cài đặt module Nhân sự,
Employee Settings,Thiết lập nhân viên,
Expense Approver Mandatory In Expense Claim,Người phê duyệt chi phí là bắt buộc trong đề xuất thanh toán chi phí,
Payroll Settings,Cài đặt Lương,
Leave,Nghỉ phép,
Max working hours against Timesheet,Số giờ làm việc tối đa cho Timesheet,
Include holidays in Total no. of Working Days,Bao gồm các ngày lễ trong công thực,
"If checked, Total no. of Working Days will include holidays, and this will reduce the value of Salary Per Day","Nếu được kiểm tra, Tổng số. của ngày làm việc sẽ bao gồm các ngày lễ, và điều này sẽ làm giảm giá trị của Lương trung bình mỗi ngày",
"If checked, hides and disables Rounded Total field in Salary Slips","Nếu được chọn, ẩn và vô hiệu hóa trường Tổng số được làm tròn trong Bảng lương",
The fraction of daily wages to be paid for half-day attendance,Một phần tiền lương được thanh toán cho điểm danh nửa ngày,
Email Salary Slip to Employee,Gửi mail bảng lương tới nhân viên,
Emails salary slip to employee based on preferred email selected in Employee,Gửi email lương cho nhân viên theo email nhân viên đề xuất trong hồ sơ nhân viên,
Encrypt Salary Slips in Emails,Mã hóa phiếu lương trong email,
"The salary slip emailed to the employee will be password protected, the password will be generated based on the password policy.","Phiếu lương gửi qua email cho Nhân viên sẽ được bảo vệ bằng mật khẩu, mật khẩu sẽ được tạo dựa trên chính sách mật khẩu.",
Password Policy,Chính sách Mật khẩu,
<b>Example:</b> SAL-{first_name}-{date_of_birth.year} <br>This will generate a password like SAL-Jane-1972,<b>Ví dụ:</b> SAL- {First_name} - {date_of_birth.year} <br> Điều này sẽ tạo ra một mật khẩu như SAL-Jane-1972,
Leave Approval Notification Template,Mẫu Thông báo pê duyệt Nghỉ phép,
Leave Approver,Người duyệt đơn xin nghỉ
Leave Status Notification Template,Mẫu Thông báo Trạng thái Nghỉ phép,
Role Allowed to Create Backdated Leave Application,Quyền được phép tạo đơn nghỉ ngày trong quá khứ,
Leave Approver Mandatory In Leave Application,Người phê duyệt nghỉ phép bắt buộc trong đơn xin nghỉ phép,
Show Leaves Of All Department Members In Calendar,Hiển thị Đơn xin nghỉ của tất cả các thành viên Bộ phận trong chế độ lịch,
Auto Leave Encashment,Tự động chuyển phép,
Hiring Settings,Cài đặt tuyển dụng,
Check Vacancies On Job Offer Creation,Kiểm tra vị trí tuyển dụng khi tạo việc làm,
Identification Document Type,Giấy tờ tùy thân,
Effective from,Có hiệu lực từ,
Allow Tax Exemption,Cho phép Miễn thuế,
"If enabled, Tax Exemption Declaration will be considered for income tax calculation.","Nếu được kích hoạt, Tờ khai Miễn thuế sẽ được xem xét để tính thuế thu nhập.",
Standard Tax Exemption Amount,Số tiền Miễn thuế thuế tiêu chuẩn,
Taxable Salary Slabs,Bảng lương chịu thuế,
Taxes and Charges on Income Tax,Thuế và Phí thuế thu nhập,
Other Taxes and Charges,Thuế và Phí khác,
Income Tax Slab Other Charges,Thuế thu nhập Các khoản phí khác,
Min Taxable Income,Số tiền Tối thiểu chịu thuế,
Max Taxable Income,Số tiền Tối đa chịu thuế,
Applicant for a Job,Nộp đơn xin việc,
Job Opening,Vị trí đang tuyển,
Cover Letter,Thư xin việc,
Resume Attachment,Hồ sơ đính kèm,
Job Applicant Source,Nguồn ứng viên công việc,
Applicant Email Address,Địa chỉ Email của người nộp đơn,
Awaiting Response,Đang chờ phản hồi,
Job Offer Terms,Điều khoản của việc làm,
Select Terms and Conditions,Chọn Điều kiện và Điều khoản,
Job Offer Term,Thời hạn Cung cấp việc làm,
Offer Term,Điều khoản Đề nghị,
Value / Description,Giá trị / Mô tả,
Description of a Job Opening,Mô tả công việc một Opening,
Staffing Plan,Kế hoạch tuyển dụng,
Planned number of Positions,Số lượng dự kiến Các vị trí,
"Job profile, qualifications required etc.","Hồ sơ công việc, trình độ chuyên môn cần thiết vv",
HR-LAL-.YYYY.-,HR-LAL-.YYYY.-,
New Leaves Allocated,Phân bổ Ngày nghỉ,
Add unused leaves from previous allocations,Thêm số ngày nghỉ không sử dụng từ các phân bổ trước đó,
Unused leaves,Ngày nghỉ không sử dụng,
Total Leaves Allocated,Tổng Số ngày nghỉ đã được phân bổ,
Total Leaves Encashed,Tổng Số ngày nghỉ được đổi thành tiền,
Leave Period,Kỳ áp dụng,
Carry Forwarded Leaves,Mang lá chuyển tiếp,
Apply / Approve Leaves,Áp dụng / Phê duyệt Leaves,
HR-LAP-.YYYY.-,HR-LAP-.YYYY.-,
Leave Balance Before Application,Số dư Ngày nghỉ trước khi gửi đơn,
"Leave blank for home.\nThis is relative to site URL, for example ""about"" will redirect to ""https://yoursitename.com/about""","Để trống cho nhà. Điều này có liên quan đến URL trang web, ví dụ: &quot;about&quot; sẽ chuyển hướng đến &quot;https://yoursitename.com/about&quot;"
Leave blank if the Supplier is blocked indefinitely,Để trống nếu Nhà cung cấp bị chặn vô thời hạn
Leave blank if you make students groups per year,Để trống nếu bạn thực hiện nhóm sinh viên mỗi năm
Leave blank to use the standard Delivery Note format,Để trống để sử dụng định dạng Ghi chú phân phối bình thường
Leave Block List,Danh sách ngày cấm nghỉ
Total Leave Days,Tổng số ngày nghỉ,
Leave Approver Name,Tên Người phê duyệt Ngày nghỉ,
Follow via Email,Theo dõi qua email,
Block Holidays on important days.,Khối ngày nghỉ vào những ngày quan trọng,
Leave Block List Name,Tên danh sách,
Applies to Company,Áp dụng đối với toàn công ty,
"If not checked, the list will have to be added to each Department where it has to be applied.","Nếu không chọn, danh sách sẽ phải được bổ sung vào từng Bộ phận nơi nó phải được áp dụng.",
Block Days,Danh sách,
Stop users from making Leave Applications on following days.,Ngăn người dùng gửi Đơn xin nghỉ vào các ngày sau đây.,
Leave Block List Dates,Danh sách ngày không nghỉ,
Allow Users,Người phê duyệt,
Allow the following users to approve Leave Applications for block days.,Cho phép users sau có thể phê duyệt những điwn có ngày trong danh sách chặn,
Leave Block List Allowed,Danh sách người duyệt,
Leave Block List Allow,Danh sách chặn Ngày nghỉ Cho phép,
Allow User,Người duyệt,
Leave Block List Date,Để lại kỳ hạn cho danh sách chặn,
Block Date,Ngày chặn,
Leave Control Panel,Bảng điều khiển Ngày nghỉ,
Leave Encashed?,Chuyển phép
Employment Type (optional),Loại việc làm (tùy chọn),
Branch (optional),Chi nhánh (tùy chọn),
Department (optional),Bộ phận (tùy chọn),
Designation (optional),Chỉ định (tùy chọn),
Employee Grade (optional),Lớp nhân viên (không bắt buộc),
Employee (optional),Nhân viên (không bắt buộc),
Allocate Leaves,Phân bổ lá,
Carry Forward,Carry Forward,
Please select Carry Forward if you also want to include previous fiscal year's balance leaves to this fiscal year,Vui lòng chọn Chuyển tiếp nếu bạn cũng muốn bao gồm số ngày nghỉ dư từ cân đối năm tài khóa trước cho tài khóa năm này,
New Leaves Allocated (In Days),Số ngày nghỉ được phân bổ mới (theo ngày),
Leave Balance,Số dư Ngày nghỉ,
Encashable days,Ngày có thể sửa chữa,
Encashment Amount,Số tiền Encashment,
Leave Ledger Entry,Bản ghi Sổ cái Ngày nghỉ,
Leave Management,Rời khỏi quản lý
Transaction Name,Tên Giao dịch,
Is Carry Forward,Chuyển sang kỳ sau,
Is Expired,Hết hạn,
Is Leave Without Pay,Là loại nghỉ không lương,
Holiday List for Optional Leave,Danh sách kỳ nghỉ cho nghỉ phép tùy chọn,
Leave Allocations,Phân bổ Ngày nghỉ,
Leave and Attendance,Để lại và chấm công
Leave and Expense Claim Settings,Cài đặt đơn nghỉ và yêu cầu thanh toán
Leave Policy Details,Chi tiết Chính sách Ngày nghỉ,
Leave Reason,Để lại lý do
Leave Settings,Rời khỏi cài đặt
Leave Policy Detail,Chi tiết Chính sách Ngày nghỉ,
Annual Allocation,Phân bổ hàng năm,
Leave Type Name,Tên loại nghỉ,
Leave unchecked if you don't want to consider batch while making course based groups.,Hãy bỏ chọn nếu bạn không muốn xem xét lô trong khi làm cho các nhóm dựa trên khóa học.
Applicable After (Working Days),Áp dụng sau (ngày làm việc),
Is Optional Leave,Là loại nghỉ tùy chọn,
Allow Negative Balance,Cho phép số dư quỹ âm,
Include holidays within leaves as leaves,Bao gồm các ngày lễ trong các ngày nghỉ như là ngày nghỉ bổ sung,
Is Compensatory,Được chuyển phép,
Maximum Carry Forwarded Leaves,Số ngày nghỉ tối đa có thể chuyển,
Expire Carry Forwarded Leaves (Days),Hết hạn chuyển phép(ngày),
Calculated in days,Tính theo ngày,
Encashment,Chuyển phép,
Allow Encashment,Cho phép chuyển phép,
Encashment Threshold Days,Số ngày được chuyển phép tối đa,
Earned Leave,Nghỉ phép,
Is Earned Leave,Là ngày nghỉ tích lũy,
Earned Leave Frequency,Tần suất tích lũy,
Rounding,Số ngày được phân bổ,
Payroll Employee Detail,Chi tiết Nhân viên Lương,
Payroll Entry,Bảng lương
Payroll Frequency,Kỳ trả lương,
Fortnightly,Mỗi tháng hai lần,
Bimonthly,Hai tháng một lần,
Employees,Nhân viên,
Number Of Employees,Số Lượng Nhân viên,
Employee Details,Chi tiết nhân viên,
Validate Attendance,Xác thực Điểm danh,
Salary Slip Based on Timesheet,Phiếu lương dựa trên Timesheet,
Deduct Tax For Unclaimed Employee Benefits,Thuế khấu trừ cho các quyền lợi của nhân viên chưa được xác nhận quyền sở hữu,
Deduct Tax For Unsubmitted Tax Exemption Proof,Khấu trừ thuế đối với chứng từ miễn thuế chưa nộp,
Select Payment Account to make Bank Entry,Chọn Tài khoản Thanh toán để tạo Bút toán Ngân hàng,
Salary Slips Created,Phiếu lương đã tạo,
Salary Slips Submitted,Phiếu lương đã gửi,
Payroll Periods,Chu kỳ Lương,
Payroll Reports,Báo cáo lương
Payroll Period Date,Ngày Chu kỳ Lương,
Purpose of Travel,Mục đích của chuyến đi,
Retention Bonus,Thưởng giữ chân,
Bonus Payment Date,Ngày thanh toán thưởng,
Bonus Amount,Số tiền thưởng,
Depends on Payment Days,Phụ thuộc vào ngày công,
Is Tax Applicable,Áp dụng thuế,
Variable Based On Taxable Salary,Thay đổi dựa trên lương chịu thuế,
Exempted from Income Tax,Miễn thuế thu nhập,
Round to the Nearest Integer,Làm tròn đến số nguyên gần nhất,
Statistical Component,Thành phần thống kê,
"If selected, the value specified or calculated in this component will not contribute to the earnings or deductions. However, it's value can be referenced by other components that can be added or deducted. ","Nếu được chọn, giá trị được xác định hoặc tính trong thành phần này sẽ không đóng góp vào thu nhập hoặc khấu trừ. Tuy nhiên, giá trị của nó có thể được tham chiếu bởi các thành phần khác có thể được thêm vào hoặc khấu trừ.",
Do Not Include in Total,Không bao gồm trong tổng cộng lương,
Flexible Benefits,Phúc lợi linh hoạt,
Is Flexible Benefit,Phúc lợi linh hoạt,
Max Benefit Amount (Yearly),Số tiền lợi ích tối đa (hàng năm),
Only Tax Impact (Cannot Claim But Part of Taxable Income),Chỉ có tác động về thuế (không thể yêu cầu nhưng một phần thu nhập chịu thuế),
Create Separate Payment Entry Against Benefit Claim,Tạo khoản thanh toán riêng biệt chống lại khiếu nại lợi ích,
Amount based on formula,Số tiền dựa trên công thức,
Formula,Công thức,
Salary Detail,Chi tiết lương,
Component,Hợp phần,
Do not include in total,Không bao gồm trong tổng số,
Default Amount,Số tiền mặc định,
Additional Amount,Số tiền bổ sung,
Tax on flexible benefit,Thuế lợi ích linh hoạt,
Tax on additional salary,Thuế trên tiền lương bổ sung,
Salary Structure,Cơ cấu tiền lương,
Working Days,Ngày làm việc,
Salary Slip Timesheet,Bảng phiếu lương,
Earnings,Thu nhập,
Deductions,Các khoản giảm trừ,
Total in words,Tổng số bằng chữ,
Salary Component for timesheet based payroll.,Phần lương cho bảng thời gian biểu dựa trên bảng lương,
Leave Encashment Amount Per Day (VND),Số tiền chuyển phép sang tiền (VND)
Max Benefits (Amount),Lợi ích tối đa (Số tiền),
Max Benefits (VND),Phúc lợi tối đa (VND)
Salary breakup based on Earning and Deduction.,Chia tiền lương dựa trên thu nhập và khấu trừ,
Total Earning,Tổng số Lợi nhuận,
Total Earnings,Tổng thu nhập
Salary Structure Assignment,Chuyển nhượng cấu trúc lương,
Shift Assignment,Phân ca làm việc,
Shift Type,Loại ca,
Shift Request,Đăng kí ca làm việc,
Enable Auto Attendance,Cho phép tự động chấm công,
Mark attendance based on 'Employee Checkin' for Employees assigned to this shift.,Đánh dấu điểm danh dựa trên 'Điểm danh Nhân viên' cho Nhân viên được gán vào ca làm việc này.,
Mark Auto Attendance on Holidays,Chấm công tự động vào ngày nghỉ
Mark Half Day,Đánh dấu nửa ngày
Mark Present,Đánh dấu hiện tại
Mark Work From Home,Đánh dấu làm việc tại nhà
Auto Attendance Settings,Cài đặt chấn công tự động,
Determine Check-in and Check-out,Xác định khoảng thời gian chấm công vào - chấm công ra,
Alternating entries as IN and OUT during the same shift,Dựa vào dữ liệu luân phiên chấm công vào - ra trong cùng 1 ca,
Strictly based on Log Type in Employee Checkin,Cố định dựa trên trạng thái chấm công,
Working Hours Calculation Based On,Tính thời gian làm việc dựa vào,
First Check-in and Last Check-out,Lần check in đầu tiên và check out cuối cùng,
Every Valid Check-in and Check-out,Mỗi lần checkin và checkout hợp lệ,
Begin check-in before shift start time (in minutes),Cho phép checkin trước thời gian vào ca (phút),
The time before the shift start time during which Employee Check-in is considered for attendance.,Khoảng thời gian cho phép checkin sớm nhất.,
Allow check-out after shift end time (in minutes),Cho phép checkout sau thời gian ra ca (phút),
Time after the end of shift during which check-out is considered for attendance.,Khoảng thời gian cho phép checkout muộn nhất.,
Working Hours Threshold for Half Day,Ngưỡng giờ làm việc nửa ngày,
Working hours below which Half Day is marked. (Zero to disable),Số giờ làm việc dưới đây mà sẽ được đánh dấu là nửa ngày. (không áp dụng điền 0),
Working Hours Threshold for Absent,Ngưỡng Giờ làm việc vắng mặt,
Working hours below which Absent is marked. (Zero to disable),Số giờ làm việc nhỏ hơn khoảng thời gian này sẽ được đánh dấu là vắng mặt. (không áp dụng điền 0),
Process Attendance After,Có hiệu lực sau ngày,
Attendance will be marked automatically only after this date.,Tham dự sẽ được đánh dấu tự động chỉ sau ngày này.,
Last Sync of Checkin,Đồng bộ hóa lần cuối của Checkin,
Last Known Successful Sync of Employee Checkin. Reset this only if you are sure that all Logs are synced from all the locations. Please don't modify this if you are unsure.,Được biết đến lần cuối Đồng bộ hóa thành công của nhân viên. Chỉ đặt lại điều này nếu bạn chắc chắn rằng tất cả Nhật ký được đồng bộ hóa từ tất cả các vị trí. Vui lòng không sửa đổi điều này nếu bạn không chắc chắn.,
Grace Period Settings For Auto Attendance,Cài đặt thời gian ân hạn cho tự động tham dự,
Enable Entry Grace Period,Thời gian ghi nhận về sớm,
Late Entry Grace Period,Thời gian ghi nhận đi muộn,
The time after the shift start time when check-in is considered as late (in minutes).,Số phút sau thời gian bắt đầu ca làm việc ghi nhận check-in muộn (phút).,
Enable Exit Grace Period,Cho phép Thoát Thời gian ân hạn,
Early Exit Grace Period,Thời gian ghi nhận về sớm,
The time before the shift end time when check-out is considered as early (in minutes).,Số phút trước thời gian kết thúc ca làm việc ghi nhận check-out sớm (phút).,
Skill Name,Tên Kỹ năng,
Staffing Plan Detail,Chi tiết Kế hoạch Nhân sự,
Total Estimated Budget,Tổng chi phí ước tính,
Vacancies,Vị trí trống,
Estimated Cost Per Position,Chi phí ước tính cho mỗi vị trí,
Total Estimated Cost,Tổng chi phí ước tính,
Total Estimated Distance,Tổng khoảng cách ước tính
Current Count,Số vị trí hiện tại,
Current Openings,Vị trí hiện tại đang mở,
Number Of Positions,Số lượng vị trí,
Taxable Salary Slab,Dãy Thuế thu nhập,
From Amount,Từ số tiền,
To Amount,Đến Số tiền,
Percent Deduction,Phần trăm Khấu trừ,
Training Program,Chương trình đào tạo,
Event Status,Tình trạng sự kiện,
Has Certificate,Có Chứng chỉ,
Seminar,Hội thảo,
Theory,Lý thuyết,
Workshop,Xưởng làm việc,
Conference,Hội nghị,
Exam,Thi,
Internet,Internet,
Self-Study,Tự học,
Advance,Nâng cao,
Trainer Name,Tên người hướng dẫn,
Trainer Email,Email Người hướng dẫn,
Attendees,Những người tham dự,
Employee Emails,Email của nhân viên,
Training Event Employee,Sự kiện đào tạo Nhân viên,
Invited,mời,
Feedback Submitted,phản hồi được gửi,
Training Result Employee,Kết quả Đào tạo Nhân viên,
Travel Itinerary,Lịch trình công tác,
Travel From,Từ,
Travel To,Đến,
Mode of Travel,Phương tiện di chuyển,
Flight,Chuyến bay,
Train,Tàu hỏa,
Taxi,Xe taxi,
Rented Car,Xe thuê,
Meal Preference,Ưu tiên về bữa ăn,
Vegetarian,Ăn chay,
Non-Vegetarian,Ăn thịt,
Gluten Free,Không chứa gluten,
Non Diary,Không Sữa,
Travel Advance Required,Cần Tiền Ứng trước cho Chuyến đi,
Departure Datetime,Thời gian khởi hành,
Arrival Datetime,Thời gian đến,
Lodging Required,Cần Chỗ ở,
Preferred Area for Lodging,Khu vực ưa thích cho Chỗ ở,
Check-in Date,Ngày nhận phòng,
Check-out Date,Ngày trả phòng,
Travel Request,Đề xuất công tác,
Travel Type,Loại công tác,
Domestic,Trong nước,
International,Quốc tế,
Travel Funding,Quỹ,
Require Full Funding,Yêu cầu Quỹ Đầy đủ,
Fully Sponsored,Hoàn toàn được tài trợ,
"Partially Sponsored, Require Partial Funding","Được Tài trợ một phần, Yêu cầu Quỹ một phần",
Copy of Invitation/Announcement,Bản sao Lời mời / Thông báo,
"Details of Sponsor (Name, Location)","Thông tin chi tiết của nhà tài trợ (Tên, địa điểm)",
Identification Document Number,Mã số giấy tờ tùy thân,
Any other details,Mọi chi tiết khác,
Costing Details,Chi tiết Chi phí,
Event Details,Chi tiết sự kiện,
Name of Organizer,Tên Tổ chức,
Address of Organizer,Địa chỉ tổ chức,
Travel Request Costing,Dự toán Yêu cầu Du lịch,
Expense Type,Loại phí,
Sponsored Amount,Số tiền được Tài trợ,
Funded Amount,Số tiền được cấp,
Upload Attendance,Tải lên dữ liệu chấm công,
Attendance From Date,Có mặt Từ ngày,
Attendance To Date,Có mặt đến ngày,
Get Template,File mẫu,
Import Attendance,Tải lên file chấm công,
Upload HTML,Tải lên HTML,
HR-VLOG-.YYYY.-,HR-VLOG-.YYYY.-,
Odometer Reading,Ghi nhận giá trị công tơ mét,
Current Odometer value ,Giá trị công tơ mét hiện tại,
Refuelling Details,Chi tiết nạp nhiên liệu,
Invoice Ref,Tham chiếu hóa đơn,
Service Details,Chi tiết Dịch vụ Xe,
Vehicle Service,Dịch vụ Xe,
Service Item,Mục Dịch vụ,
Brake Oil,dầu phanh,
Brake Pad,đệm phanh,
Clutch Plate,Clutch tấm,
Engine Oil,Dầu động cơ,
Oil Change,Thay dầu,
Inspection,Kiểm tra,
Mileage,Số km đã đi,
Salary Slip Loan,Khoản Vay Lương,
Loan Repayment Entry,Ghi lại Thanh toán Khoản vay,
May,Tháng Năm,
June,Tháng Sáu,
July,Tháng Bảy,
Bank Remittance,Chuyển tiền qua ngân hàng,
Daily Work Summary Replies,Tóm tắt công việc hàng ngày,
Employee Advance Summary,Báo cáo tạm ứng nhân viên,
Employees working on a holiday,Nhân viên làm việc ngày nghỉ,
Monthly Attendance Sheet,Bảng Chấm công Hàng tháng,
Salary Register,Sổ lương,
Salary Register,Mức lương Đăng ký
Salary Slip,Phiếu lương
Unpaid Expense Claim,Yêu cầu thanh toán chi phí chưa thanh toán,
Payment Account is mandatory,Tài khoản Thanh toán là bắt buộc,
"If checked, the full amount will be deducted from taxable income before calculating income tax without any declaration or proof submission.","Nếu được kiểm tra, toàn bộ số tiền sẽ được khấu trừ vào thu nhập chịu thuế trước khi tính thuế thu nhập mà không cần kê khai hoặc nộp chứng từ nào.",
In Time,Đúng giờ,
Out Time,Ngoài giờ,
Is Recurring,Định kỳ,
HRA Exemption,HRA miễn,
Monthly House Rent,Phần Nhà trọ hàng tháng,
Rented in Metro City,Thuê nhà ở Thành phố Trung tâm,
HRA as per Salary Structure,HRA theo cơ cấu tiền lương,
Annual HRA Exemption,Miễn HRA hàng năm,
Monthly HRA Exemption,Miễn thuế HRA hàng tháng,
House Rent Payment Amount,Số tiền thanh toán tiền thuê nhà,
Rented From Date,Ngày Thuê từ,
Rented To Date,Ngày Thuê đến,
Monthly Eligible Amount,Số tiền hàng tháng được miễn thuế,
Total Eligible HRA Exemption,Tổng số tiền miễn thuế HRA đủ điều kiện,
Validating Employee Attendance...,Xác thực Chấm công của Nhân viên...,
Submitting Salary Slips and creating Journal Entry...,Đệ trình Phiếu Lương và tạo Bút toán...,
Calculate Payroll Working Days Based On,Tính toán ngày làm việc trả lương dựa trên,
Consider Unmarked Attendance As,Đánh dấu nếu không có bản ghi có mặt,
Fraction of Daily Salary for Half Day,Tỉ lệ lương cho nửa ngày,
Component Type,Loại thành phần,
Provident Fund,quỹ tiết kiệm,
Additional Provident Fund,Quỹ dự phòng bổ sung,
Provident Fund Loan,Khoản vay Quỹ tiết kiệm,
Professional Tax,Thuế nghề nghiệp,
Is Income Tax Component,Là thành phần thuế thu nhập,
Component properties and references ,Thuộc tính thành phần và tham chiếu,
Additional Salary ,Lương bổ sung,
Unmarked days,Ngày không đánh dấu,
Absent Days,Ngày vắng mặt,
Conditions and Formula variable and example,Điều kiện và biến công thức và ví dụ,
Income Tax Deductions,Các khoản khấu trừ thuế thu nhập,
Income Tax Component,Thành phần thuế thu nhập,
Income Tax Amount,Số tiền thuế thu nhập,
Unmarked Days,Ngày không đánh dấu,
Jan,tháng một,
Feb,Tháng hai,
Mar,Tháng 3,
Apr,Tháng tư,
Aug,Tháng 8,
Sep,Tháng 9,
Oct,Tháng 10,
Nov,Tháng 11,
Dec,Tháng mười hai,
Summarized View,Xem Tóm tắt,
Professional Tax Deductions,Trừ thuế Thuế nghề nghiệp,
Provident Fund Deductions,Trừ thuế Quỹ tiết kiệm,
Recruitment Analytics,Phân tích Tuyển dụng,
Applicant name,Tên ứng viên,
Job Offer status,Trạng thái mời làm việc,
On Date,Vào Ngày,
Salary Payments Based On Payment Mode,Thống kê lương dựa trên phương thức thanh toán,
Salary Payments via ECS,Thanh toán lương qua ECS,
Salary payout,Thanh toán lương
Account No,Tài khoản Không,
IFSC,IFSC,
MICR,Mã MICR,
PF Account,Tài khoản Quỹ tiết kiệm,
PF Amount,Số tiền Quỹ tiết kiệm,
Additional PF,PF bổ sung,
PF Loan,Khoản vay Quỹ tiết kiệm,
Duplicate Entry,Mục nhập trùng lặp,
Please select Employee first.,Xin vui lòng chọn Nhân viên trước.,
To Date should be greater than From Date,Ngày đến phải lớn hơn Ngày bắt đầu,
Job Offer: {0} is already for Job Applicant: {1},Đề nghị Việc làm: {0} đã dành cho Người xin việc: {1},
Only Shift Request with status 'Approved' and 'Rejected' can be submitted,Chỉ có Yêu cầu Ca làm việc với trạng thái 'Đã chấp nhận' và 'Đã từ chối' mới có thể được đệ trình,
Shift Assignment: {0} created for Employee: {1},Bổ nhiệm ca làm việc: {0} đã được tạo cho Nhân viên: {1},
You can not request for your Default Shift: {0},Bạn không thể yêu cầu Ca mặc định của mình: {0},
Only Approvers can Approve this Request.,Chỉ có Người phê duyệt mới có thể phê duyệt Yêu cầu này.,
Please set Payroll based on in Payroll settings,Vui lòng thiết lập Lương dựa trên trong Cài đặt Lương,
Additional Salary: {0} already exist for Salary Component: {1} for period {2} and {3},Mức lương bổ sung: {0} đã tồn tại cho Thành phần tiền lương: {1} cho giai đoạn {2} và {3},
Payroll date can not be less than employee's joining date.,Ngày Lương không thể nhỏ hơn ngày tham gia của nhân viên.,
From date can not be less than employee's joining date.,Từ ngày không được ít hơn ngày gia nhập của nhân viên.,
To date can not be greater than employee's relieving date.,Ngày đến không thể lớn hơn ngày ra khỏi của nhân viên.,
Payroll date can not be greater than employee's relieving date.,Ngày Lương không thể lớn hơn ngày ra khỏi của nhân viên.,
Condition and formula,Điều kiện và công thức,
Available Leaves,Lá có sẵn, 
IFSC Code,Mã IFSC,
Others,Các thông tin khác,
Total Allocated Leaves,Tổng số lá được phân bổ,
Used Leaves,Lá đã qua sử dụng,
PAN Number,Số PAN,
Expired Leaves,Lá hết hạn,

Shifts, Ca
Shift Attendance, Chấm công theo ca
Employee Hours Utilization Based On Timesheet, Việc sử dụng số giờ của nhân viên dựa trên bảng chấm công
Attendance Count, Số người tham gia chấm công,
Project Profitability, Lợi nhuận của dự án,
Department Wise Openings, Mở theo phòng ban,
Interviews, Phỏng vấn,
Interview Type, Loại phỏng vấn,
Interview Round, Vòng phỏng vấn,
Interview Feedback, Phản hồi phỏng vấn,
Job Requisition, Yêu cầu công việc,
No of. Positions, Số lượng vị trí,
Expected Compensation, Khoản bồi thường dự kiến,
Requested By, Được yêu cầu bởi,
Expected By, Dự kiến bởi,
Timelines, Dòng thời gian,
Staffing Details, Chi tiết nhân sự,
Get Job Requisitions, Nhận yêu cầu việc làm,
Posted On, Ngày đăng,
Closes On, Ngày đóng,
Salary Paid Per, Lương trả theo,
Company Details, Chi tiết công ty,
Applicant Name, Tên thí sinh,
Interview Summary, Tóm tắt cuộc phỏng vấn,
Applicant Rating ,Đánh giá của người nộp đơn,
Resume Link, Liên kết Hồ Sơ,
Lower Range, Mức tối thiểu,
Upper Range, Mức tối đa,
Job Offer Term Template, Mẫu Điều Khoản Công Việc Đề Nghị,
First Name, Họ,
For Designation, Chức vụ,
Referral Details, Giới thiệu chi tiết,
Current Employer, Nhà tuyển dụng hiện tại,
Current Job Title, Chức vụ công việc hiện tại,
Referrer Details, Chi tiết người giới thiệu,
Is Applicable for Referral Bonus, Được áp dụng cho tiền thưởng giới thiệu,
Additional Information, Thông tin thêm,
Why is this Candidate Qualified for this Position?, Tại sao ứng viên này đủ tiêu chuẩn cho vị trí này?,
Work References, Tài liệu tham khảo công việc,
Round Name, Tên vòng,
Interviewers, Người phỏng vấn,
Expected Skillset, Kỹ năng dự kiến,
Scheduled On, Đã lên lịch vào,
Interview, Phỏng vấn,
Interview Summary, Tóm tắt cuộc phỏng vấn,
Skill Assessment, Đánh giá kỹ năng, 
End Time, Thời gian kết thúc,
Note: Shift will not be overwritten in existing attendance records, Lưu ý: Ca sẽ không được ghi đè vào hồ sơ chấm công hiện có,
Set filters to fetch employees, Đặt bộ lọc để tìm nhân viên,
Set Attendance Details ,Thiết lập Chi Tiết Chấm Công,
Set attendance details for the employees select above ,Thiết lập chi tiết chấm công cho các nhân viên được chọn ở trên,
Consider Grace Period, Xem xét Thời Gian Ân Hạn,
Journey, Hành trình,
Grievance, Khiếu nại,
Grievance Type, Loại khiếu nại,
Employee Grievance, Nhân viên khiếu nại,
Full and Final Settlement, Thanh toán đầy đủ và cuối cùng,
Exit Interview, Phỏng vấn ra,
Employee Exits, Nhân viên rời bỏ,
Claims Expense, Chi phí yêu cầu bồi thường,
Advance Employee, Nhân viên tạm ứng,
Add Day-wise Dates, Thêm Ngày Theo Ngày,
Add Leave Block Dates, Thêm ngày chặn nghỉ phép,
Assignment based on, Phân công dựa trên,
Effective From, Hiệu Lực Từ,
Effective To, Hiệu lực đến,
Quick Filters, Bộ lọc nhanh,
Advanced Filters, Bộ lọc nâng cao,
Encashment Days, Số ngày thanh toán,
Encashment Date, Ngày Thanh Toán,
Dates & Reason, Ngày và Lý do,
Approval, Phê duyệt,
Consolidate Leave Types, Tích hợp loại nghỉ phép,
Vehicle Service Item, Hạng mục dịch vụ xe,
Accounting Reports, Báo Cáo Kế Toán,
Claims, Khiếu nại,
Application, Ứng dụng,


